<b>Example:</b> SAL-{first_name}-{date_of_birth.year} <br>This will generate a password like SAL-Jane-1972,<b>Exemple:</b> SAL- {prenom} - {date_naissance.année} <br> Cela générera un mot de passe comme SAL-Jane-1972,
"<h3>Help</h3>

<p>Notes:</p>

<ol>
<li>Use field <code>base</code> for using base salary of the Employee</li>
<li>Use Salary Component abbreviations in conditions and formulas. <code>BS = Basic Salary</code></li>
<li>Use field name for employee details in conditions and formulas. <code>Employment Type = employment_type</code><code>Branch = branch</code></li>
<li>Use field name from Salary Slip in conditions and formulas. <code>Payment Days = payment_days</code><code>Leave without pay = leave_without_pay</code></li>
<li>Direct Amount can also be entered based on Condition. See example 3</li></ol>

<h4>Examples</h4>
<ol>
<li>Calculating Basic Salary based on <code>base</code>
<pre><code>Condition: base &lt; 10000</code></pre>
<pre><code>Formula: base * .2</code></pre></li>
<li>Calculating HRA based on Basic Salary<code>BS</code> 
<pre><code>Condition: BS &gt; 2000</code></pre>
<pre><code>Formula: BS * .1</code></pre></li>
<li>Calculating TDS based on Employment Type<code>employment_type</code> 
<pre><code>Condition: employment_type==""Intern""</code></pre>
<pre><code>Amount: 1000</code></pre></li>
</ol>","<h3>Aide</h3>

<p>Notes :</p>

<ol>
<li>Utilisez le champ <code>base</code> pour utiliser le salaire de base de l'employé</li>
<li>Utilisez les abréviations des composantes salariales dans les conditions et les formules. <code>BS = Basic Salary</code></li>
<li>Utilisez le nom du champ pour les détails de l'employé dans les conditions et les formules. <code>Employment Type = employment_type</code><code>Branch = branch</code></li>
<li>Utilisez le nom du champ du bulletin de salaire dans les conditions et les formules. <code>Payment Days = payment_days</code><code>Leave without pay = leave_without_pay</code></li>
<li>Le montant direct peut également être saisi en fonction de la condition. Voir l'exemple 3</li></ol>

<h4>Exemples</h4>
<ol>
<li>Calcul du salaire de base basé sur <code>base</code>
<pre><code>Condition : base &lt; 10000</code></pre>
<pre><code>Formule : base * .2</code></pre></li>
<li>Calcul du HRA basé sur le salaire de base<code>BS</code> 
<pre><code>Condition : BS &gt; 2000</code></pre>
<pre><code>Formule : BS * .1</code></pre></li>
<li>Calcul du TDS basé sur le type d'emploi<code>employment_type</code> 
<pre><code>Condition : employment_type==""Intern""</code></pre>
<pre><code>Amount : 1000</code></pre></li>
</ol>",
"<h4>Condition Examples</h4>
<ol>
<li>Applying tax if employee born between 31-12-1937 and 01-01-1958 (Employees aged 60 to 80)<br>
<code>Condition: date_of_birth&gt;date(1937, 12, 31) and date_of_birth&lt;date(1958, 01, 01)</code></li><br><li>Applying tax by employee gender<br>
<code>Condition: gender==""Male""</code></li><br>
<li>Applying tax by Salary Component<br>
<code>Condition: base &gt; 10000</code></li></ol>","<h4>Exempleformat@@1
<ol>
<li>Appliquer une taxe si un employé né entre 31-12-1937 et 01-01-1958 (Employés âgés de 60 à 80 ans)<br>
<code>Condition : date_of_birth&gt;date(1937, 12, 31) et date_of_birth&lt;date(1958, 01, 01)</code></li><br><li>Applying tax by employee gender<br>
<code>Condition: gender==""Male""</code></li><br>
<li>Applying tax by Salary Component<br>
<code>Condition: base &gt; 10000</code></li></ol>",
Abbr,Abré,
About,A Propos,
Absent,Absent,
Absent Days,Jours d'absence,
Academics User,Utilisateur académique,
Accepted,Accepté.e,
Account,Compte,
Account Head,Compte comptable principal,
Accounting,Comptabilité,
Accounting & Payment,Comptabilité & Paiement,
Accounting Details,Détails Comptable,
Accounting Dimensions,Dimensions comptables,
Accounts,Codes comptables,
Action,Action,
Active,actif,
Activities,Activités,
Activity Name,Nom de l'activité,
Actual Amount,Montant actuel,
Actual Cost,Prix actuel,
Actual Encashable Days,Jours d'encaissement actuels,
Add Day-wise Dates,Ajouter des dates de jour,
Add unused leaves from previous allocations,Ajouter les congés inutilisés des précédentes allocations,
Add unused leaves from previous leave period's allocation to this allocation,Ajouter les feuilles inutilisées de l'allocation de la période de congé précédente à cette allocation,
Added On,Ajouté le,
Additional Amount,Montant supplémentaire,
Additional Information ,Informations supplémentaires,
Additional Salary,Salaire supplémentaire,
Additional Salary ,Salaire supplémentaire,
Address of Organizer,Adresse de l'organisateur,
Advance,Avance,
Advance Account,Compte d'avances,
Advance Amount,Montant de l'Avance,
Advance Paid,Avance Payée,
Advance Payments,Paiements Anticipés,
Advanced Filters,Filtres avancés,
Advances,Avances,
All,Tout,
Allocate Based On Leave Policy,Allocation basée sur la politique de congés,
Allocate on Day,Allouer le jour,
Allocated Amount,Montant alloué,
Allocation,Allocation des congés,
Allow Encashment,Autoriser l'encaissement,
Allow Geolocation Tracking,Autoriser la géolocalisation,
Allow Multiple Shift Assignments for Same Date,Autoriser plusieurs affectations de décalage pour la même date,
Allow Negative Balance,Autoriser un Solde Négatif,
Allow Over Allocation,Autoriser la surallocation,
Allow Tax Exemption,Autoriser l'exonération fiscale,
Allow User,Autoriser l'Utilisateur,
Allow Users,Autoriser les Utilisateurs,
Allow check-out after shift end time (in minutes),Autoriser le départ après l'heure de fin du quart (en minutes),
Allow the following users to approve Leave Applications for block days.,Autoriser les utilisateurs suivant à approuver les demandes de congés durant les jours bloqués.,
Allows allocating more leaves than the number of days in the allocation period.,Permet d'allouer plus de feuilles que le nombre de jours de la période d'attribution.,
Alternating entries as IN and OUT during the same shift,Alterner les entrées comme IN et OUT pendant le même quart,
Amended From,Modifié Depuis,
Amount,Montant,
Amount based on formula,Montant basé sur la formule,
Amount claimed via Expense Claim,Montant réclamé par le biais d'une note de frais,
Amount of expense,Montant des dépenses,
Annual Allocation,Allocation annuelle,
Annual Taxable Amount,Montant annuel imposable,
Any other details,Tout autre détail,
"Any other remarks, noteworthy effort that should go in the records","Toute autre remarque, un effort remarquable qui devrait figurer dans les dossiers",
Applicable Earnings Component,Composant de Gains applicable,
Applicable For,Applicable Pour,
Applicable in the case of Employee Onboarding,Applicable dans le cas de l'accueil des nouveaux employés,
Applicant Email Address,Adresse e-mail du demandeur,
Applicant Name,Nom du candidat,
Applicant Rating,Notation du candidat,
Applicant for a Job,Candidat à un Emploi,
Applies to Company,S'applique à la Société,
Apply / Approve Leaves,Appliquer / Approuver les Congés,
Appointment Date,Date de rendez-vous,
Appointment Letter,Lettre de nomination,
Appointment Letter Template,Modèle de lettre de nomination,
Appointment Letter content,Contenu de la lettre de nomination,
Appraisal,Estimation,
Appraisal Cycle,Cycle d'évaluation,
Appraisal Goal,Objectif d'Estimation,
Appraisal KRA,KRA d'évaluation,
Appraisal Linking,Liaison de l'évaluation,
Appraisal Overview,Aperçu de l'évaluation,
Appraisal Template,Modèle d'évaluation,
Appraisal Template Goal,But du Modèle d'Évaluation,
Appraisal Template Title,Titre du modèle d'évaluation,
Appraisee,Évaluateur,
Approval,Approbation,
Approval Status,Statut d'Approbation,
Approved,Approuvé,
Approver,Approbateur,
Archived,Archivé,
Arrival Datetime,Date/Heure d'arrivée,
Asset Name,Nom de l'Actif,
Assets Allocated,Actifs alloués,
Assign Shift Schedule,Attribuer des plannings de quarts,
Assignment based on,Affectation basée sur,
Associated Document,Document Associé,
Associated Document Type,Type de document associé,
Attachments,Pièces jointes,
Attendance,Présence,
Attendance Date,Date de Présence,
Attendance From Date,Présence Depuis,
Attendance Marked,Présence marquée,
Attendance Request,Demande de validation de présence,
Attendance Settings,Paramètres de présence,
Attendance To Date,Présence Jusqu'à,
Attendance will be marked automatically only after this date.,La participation sera automatiquement marquée après cette date.,
Attendees,Participants,
Auto Attendance Settings,Paramètres de présence automatique,
Auto Leave Encashment,Auto Leave Encashment,
Automated Based on Goal Progress,Automatisé en fonction de la progression de l'objectif,
"Automatically fetches all assets allocated to the employee, if any","Récupère automatiquement tous les actifs alloués à l'employé, le cas échéant",
Available Leave(s),Congés disponible(s),
Average Feedback Score,Score moyen des commentaires,
Average Rating,Notation moyenne,
Awaiting Response,Attente de Réponse,
Bank Account,Compte bancaire,
Bank Account No,No de compte bancaire,
Bank Details,Coordonnées bancaires,
Bank Name,Nom de la Banque,
Bank Remittance,Virement bancaire,
Base,Base,
Begin On (Days),Commencer sur (jours),
Begin check-in before shift start time (in minutes),Commencez l'enregistrement avant l'heure de début du poste (en minutes),
Beginner,Débutant,
Benefits,Avantages,
Bimonthly,Bimensuel,
Birthdays,Jours d'anniversaire,
Block Date,Bloquer la Date,
Block Days,Bloquer les Jours,
Block Holidays on important days.,Bloquer les Vacances sur les jours importants.,
Blue,Bleue,
Body,Corps,
Bonus Amount,Montant du bonus,
Bonus Payment Date,Date de paiement du bonus,
Branch,Branche,
Bulk Salary Structure Assignment,Affectation de la structure salariale en bloc,
Calculate Gratuity Amount Based On,Calculer le montant de la Gratuité basé sur,
Calculate Payroll Working Days Based On,Calculer les jours ouvrables de paie en fonction de,
Calculated in days,Calculé en jours,
Cancelled,Annulé,
Carry Forward,Reporter,
Carry Forwarded Leaves,Effectuer Feuilles Transmises,
Cause of Grievance,Cause de grief,
Change,Changement,
Check Vacancies On Job Offer Creation,Vérifier les offres d'emploi lors de la création d'une offre d'emploi,
Check-in Date,Date d'arrivée,
Check-out Date,Date de départ,
Claim Benefit For,Demande de prestations pour,
Claim Date,Date de réclamation,
Claimed,Réclamé,
Claimed Amount,Montant réclamé,
Clearance Date,Date de Compensation,
Cleared,Nettoyé,
Closed,Fermé,
Closed On,Fermé le,
Closes On,Fermeture activée,
Closing Notes,Notes de clôture,
Color,Couleur,
Comments,Commentaires,
Company,Société,
Company Details,Détail de la société,
Compensatory Leave Request,Demande de congé compensatoire,
Completed,Terminé,
Component,Composant,
Component properties and references ,Propriétés et références des composants,
Condition,Conditions,
Condition & Formula,Etat & Formule,
Condition and formula,Condition et formule,
Conditions,Conditions,
Conditions and Formula variable and example,Conditions et variable de formule et exemple,
Conference,Conférence,
Consider Marked Attendance on Holidays,Considérer la présence marquée pendant les vacances,
Consider Unmarked Attendance As,Considérez la participation non marquée comme,
Contact Email,Email du Contact,
Contact No.,N° du Contact,
Contact Number,Numéro de contact,
Copy of Invitation/Announcement,Copie de l'invitation / annonce,
Cost,Coût,
Cost Center,Centre de coûts,
Cost Centers,Centres de coûts,
Costing,Coût,
Costing Details,Détails des coûts,
Country,Pays,
Course,Cours,
Cover Letter,Lettre de Motivation,
Create New Employee Id,Créer un nouvel identifiant d'employé,
Create Separate Payment Entry Against Benefit Claim,Créer une écriture de paiement distincte pour chaque demande d'avantages sociaux,
Criteria,Critère,
Criteria based on which employee should be rated in Performance Feedback and Self Appraisal,Critères sur la base desquels l'employé doit être évalué dans la rétroaction sur la performance et l'autoévaluation,
Currency,Devise,
Currency ,Devise,
Current,Actuel,
Current CTC,CTC en cours,
Current Count,Compte actuel,
Current Employer ,Employeur actuel,
Current Job Title,Titre du poste actuel,
Current Month Income Tax,Mois de l'impôt sur le revenu,
Current Odometer value ,Valeur actuelle du compteur kilométrique,
Current Openings,Offres actuelles,
Current Slab,Dalle actuelle,
Current Work Experience,Expérience de travail actuelle,
Custom Range,Plage personnalisée,
Cycle Name,Nom du cycle,
Daily,Quotidien,
Daily Work Summary,Récapitulatif de travail quotidien,
Daily Work Summary Group,Groupe de récapitulatif quotidien,
Daily Work Summary Group User,Utilisateur du groupe de récapitulatif quotidien,
Daily Work Summary Replies,Réponses au récapitulatif de travail quotidien,
Dashboard,Tableau de bord,
Date,Date,
Date of Birth,Date de naissance,
Date of Joining,Date d'Embauche,
Dates & Reason,Dates & Raison,
Dates Based On,Dates basées sur,
Declarations,Déclarations,
Declared Amount,Montant Déclaré,
Deduct Full Tax on Selected Payroll Date,Déduire la taxe complète à la date de paie sélectionnée,
Deduct Tax For Unclaimed Employee Benefits,Déduire la taxe pour les avantages sociaux des employés non réclamés,
Deduct Tax For Unsubmitted Tax Exemption Proof,Déduire la taxe pour toute preuve d'exemption de taxe non soumise,
Deduction,Déduction,
Deductions,Déductions,
Deductions before tax calculation,Déductions avant calcul de la taxe,
Default Account,Compte par Défaut,
Default Amount,Montant par Défaut,
Default Bank / Cash account will be automatically updated in Salary Journal Entry when this mode is selected.,Le compte par défaut de Banque / Caisse sera automatiquement mis à jour dans l’écriture de Journal de Salaire lorsque ce mode est sélectionné.,
Default Base Pay,Paiement de base par défaut,
Default Salary Structure,Structure salariale par défaut,
Deferred Expense Account,Compte de dépenses différées,
Delivery Trip,Service de Livraison,
Department,Département,
Department Approver,Approbateur du département,
Departure Datetime,Date/Heure de départ,
Depends on Payment Days,Dépend des jours de paiement,
Description,Description,
Description of a Job Opening,Description d'une Nouvelle Offre d’Emploi,
Designation,Désignation,
Designation Skill,Compétence de désignation,
Details,Détails,
"Details of Sponsor (Name, Location)","Détails du commanditaire (nom, lieu)",
Determine Check-in and Check-out,Déterminer les entrées et les sorties,
Disable,Désactiver,
Disable Rounded Total,Désactiver le Total Arrondi,
Disabled,Desactivé,
Dispensed Amount (Pro-rated),Montant distribué (au prorata),
Do Not Include in Total,Ne pas inclure dans le total,
Do not include in total,Ne pas inclure au total,
Domestic,National,
Download Template,Télécharger le Modèle,
Draft,Brouillon,
Duration (Days),Durée (jours),
Early Exit,Sortie anticipée,
Early Exit Grace Period,Période de grâce de sortie anticipée,
Earned Leave,Congés acquis,
Earned Leave Frequency,Fréquence d'acquisition des congés,
Earning,Revenus,
Earning Component,Composante de revenu,
Earnings,Bénéfices,
Earnings & Deductions,Gains & Déductions,
Effective From,À partir de,
Effective To,Effectif à :,
Effective from,À compter de,
Email,Courriel,
Email Address,Adresse électronique,
Email ID,Identifiant Email,
Email Salary Slip to Employee,Envoyer la Fiche de Paie à l'Employé par Mail,
Email Sent To,Email envoyé à,
Email Template,Modèle d&#39;email,
Emails salary slip to employee based on preferred email selected in Employee,Envoi des fiches de paie à l'employé par Email en fonction de l'email sélectionné dans la fiche Employé,
Employee,Employé,
Employee Advance,Avance versée aux employés,
Employee Advance Summary,Récapitulatif des avances versées aux employés,
Employee Attendance Tool,Outil de Gestion des Présences des Employés,
Employee Benefit Application,Demande d'avantages sociaux,
Employee Benefit Application Detail,Détail de la demande d'avantages sociaux,
Employee Benefit Claim,Requête d'avantages sociaux,
Employee Benefits,Avantages de l'Employé,
Employee Boarding Activity,Activité d'intégration des nouveaux employés,
Employee Checkin,Enregistrement des employés,
Employee Cost Center,Centre de coûts des employés,
Employee Details,Détails des employés,
Employee Emails,Emails de l'Employé,
Employee Exit Settings,Paramètres de sortie des employés,
Employee Exits,Quitter les employés,
Employee Feedback Criteria,Critères de rétroaction des employés,
Employee Feedback Rating,Évaluation des commentaires des employés,
Employee Grade,Echelon des employés,
Employee Grievance,Réclamation des employés,
Employee Health Insurance,Assurance maladie des employés,
Employee Image,Image de l'employé,
Employee Incentive,Intéressement des employés,
Employee Info,Informations sur les employés,
Employee Name,Nom de l'Employé,
Employee Naming By,Nommage de l'employé par,
Employee Number,Numéro d'Employé,
Employee Onboarding,Embauche des employés,
Employee Onboarding Template,Modèle d'accueil des nouveaux employés,
Employee Other Income,Autres revenus des employés,
Employee Performance Feedback,Commentaire sur la performance des employés,
Employee Promotion,Promotion des employés,
Employee Promotion Details,Détails de la promotion des employés,
Employee Property History,Historique des propriétés des champs de la fiche employé,
Employee Referral,Recommandations,
Employee Responsible ,Responsable de l'employé,
Employee Retained,Employé retenu,
Employee Separation,Départ des employés,
Employee Separation Template,Modèle de départ des employés,
Employee Settings,Paramètres des Employés,
Employee Skill,Compétence de l'employé,
Employee Skill Map,Carte de compétences des employés,
Employee Skills,Compétences des employés,
Employee Tax Exemption Category,Catégorie d'exemption de taxe des employés,
Employee Tax Exemption Declaration,Déclaration d'exemption de taxe,
Employee Tax Exemption Declaration Category,Catégorie de déclaration d'exemption de taxe,
Employee Tax Exemption Proof Submission,Soumission d'une preuve d'exemption de taxe,
Employee Tax Exemption Proof Submission Detail,Détails de la soumission de preuve d'exemption de taxe,
Employee Tax Exemption Sub Category,Sous-catégorie d'exemption de taxe,
Employee Training,Entrainement d'employé,
Employee Transfer,Transfert des employés,
Employee Transfer Detail,Détail du transfert des employés,
Employee Transfer Details,Détails de transfert des employés,
Employee name,Nom de l'employé,
Employee records are created using the selected option,Les enregistrements des employés sont créés en utilisant l'option sélectionnée,
Employees,Employés,
Employees HTML,Employés HTML,
Employees working on a holiday,Employés qui travaillent un jour férié,
Employment Type,Type d'emploi,
Enable Auto Attendance,Activer la présence automatique,
Enable Early Exit Marking,Activer le marquage de fin anticipée,
Enable Late Entry Marking,Activer le marquage des entrées en retard,
Enabled,Activé,
Encashment,Encaissement,
Encashment Amount,Montant d'encaissement,
Encashment Date,Date de l'Encaissement,
Encashment Days,Jours d'encaissement,
Encrypt Salary Slips in Emails,Crypter les bulletins de salaire dans les courriels,
End Date,Date de Fin,
End Time,Heure de Fin,
Error Message,Message d&#39;erreur,
Estimated Cost Per Position,Coût estimé par poste,
Evaluation Date,Date d'évaluation,
Event Details,Détails de l'évènement,
Event Name,Nom de l'Événement,
Event Status,Statut de l'Événement,
Every Valid Check-in and Check-out,Chaque enregistrement valide et check-out,
Exam,Examen,
Exchange Rate,Taux de Change,
Exempted from Income Tax,Exonéré d'impôt sur le revenu,
Exemption Category,Catégorie d'exemption,
Exemption Proofs,Preufs d'exemption,
Exemption Sub Category,Sous-catégorie d'exemption,
Exit Confirmed,Sortie confirmée,
Exit Interview,Quitter l'entretien,
Exit Interview Summary,Récapitulatif de l'entretien de sortie,
Exit Questionnaire Notification Template,Modèle de notification du questionnaire de sortie,
Exit Questionnaire Web Form,Quitter le formulaire Web du questionnaire,
Expected Average Rating,Note moyenne attendue,
Expected By,Attendu par,
Expected Compensation,Compensation prévue,
Expected Skill Set,Ensemble de Compétences attendu,
Expected Skillset,Compétences attendues,
Expense,Charges,
Expense Account,Compte de Charge,
Expense Approver,Approbateur de dépenses,
Expense Approver Mandatory In Expense Claim,Approbateur obligatoire pour les notes de frais,
Expense Claim,Note de Frais,
Expense Claim Account,Compte de Note de Frais,
Expense Claim Advance,Avance sur Note de Frais,
Expense Claim Detail,Détail de la Note de Frais,
Expense Claim Type,Type de Note de Frais,
Expense Date,Date de la Note de Frais,
Expense Proof,Preuves de dépenses,
Expense Taxes and Charges,Frais et taxes,
Expense Type,Type de dépense,
Expenses,Charges,
Expenses & Advances,Dépenses & Avancées,
Expire Carry Forwarded Leaves (Days),Expirer les congés reportés (jours),
Expired,Expiré,
Expired Leave(s),Demande(s) de congés expirée(s),
Explanation,Explication,
Failed,Échoué,
Failure Details,Détails de l'échec,
Feedback,Retour d’Expérience,
Feedback HTML,Rétroaction HTML,
Feedback Ratings,Évaluations de commentaires,
Feedback Reminder Notification Template,Modèle de notification de retour d'expérience,
Feedback Submitted,Retour d'Expérience Soumis,
Field Name,Nom du Champ,
Filled,Rempli,
Filter Employees,Filtrer les employés,
Filter List,Liste de filtres,
Filters,Filtres,
Final Decision,Décision finale,
Final Score,Score final,
First Check-in and Last Check-out,Premier enregistrement et dernier départ,
First Day,Premier jour,
First Name ,Prénom,
Fleet Manager,Gestionnaire de Flotte,
Flexible Benefits,Avantages sociaux variables,
Flight,Vol,
Follow via Email,Suivre par E-mail,
For Designation ,Pour la désignation,
For Employee,Employé,
"For a day of leave taken, if you still pay (say) 50% of the daily salary, then enter 0.50 in this field.","Pour un jour de congé pris, si vous payez encore (dit) 50% du salaire quotidien, puis entrez 0,50 dans ce champ.",
Formula,Formule,
Fortnightly,Bimensuel,
Fraction of Applicable Earnings ,Fraction des gains applicables,
Fraction of Daily Salary for Half Day,Fraction du salaire journalier pour une demi-journée,
Fraction of Daily Salary per Leave,Fraction de salaire quotidien par congé,
Frequency,Fréquence,
From Amount,Du Montant,
From Date,A partir du,
From Employee,De l'Employé,
From Time,Horaire de Début,
From User,De l&#39;utilisateur,
From(Year),De(Année),
Fuel Price,Prix du carburant,
Fuel Qty,Qté Carburant,
Full Name,Nom Complet,
Full and Final Asset,Actif complet et final,
Full and Final Outstanding Statement,Déclaration complète et finale en suspens,
Fully Sponsored,Entièrement commandité,
Funded Amount,Montant financé,
Future Income Tax,Impôt sur le revenu futur,
Geolocation,Géolocalisation,
Get Employees,Obtenir des employés,
Get Job Requisitions,Obtenir des demandes d'emploi,
Get Template,Obtenir Modèle,
Gluten Free,Sans gluten,
Goal,Objectif,
Goal Completion (%),Achèvement de l'objectif (%),
Goal Score (%),Score d'objectif (%),
Goal Score (weighted),Score d'objectif (pondéré),
Goals,Objectifs,
Grade,Note,
Grand Total,Total TTC,
Gratuity Applicable Component,Composant de Gratuité Applicable,
Gratuity Rule,Règle de Gratuité,
Gratuity Rule Slab,Dalle de Règles de Gratuité,
Green,Vert,
Grievance Against,Contre le grief,
Grievance Against Party,Rébellion contre la partie,
Gross Pay,Salaire brut,
Gross Pay (Company Currency),Paiement brut (devise de la société),
Gross Year To Date,Année brute à ce jour,
Gross Year To Date(Company Currency),Année brute à échéance (Devise de la société),
HR,RH,
HR Manager,Responsable RH,
HR Settings,Paramètres RH,
HR User,Chargé RH,
HR-ADS-.YY.-.MM.-,HR-ADS-.YY .-. MM.-,
HR-ATT-.YYYY.-,HR-ATT-.YYY.-,
HR-EAD-.YYYY.-,HR-EAD-.YYYY.-,
HR-EXP-.YYYY.-,HR-EXP-. AAAA.-,
HR-LAL-.YYYY.-,HR-LAL-YYYY.-,
HR-LAP-.YYYY.-,HR-LAP-.YYYY.-,
HR-VLOG-.YYYY.-,HR-VLOG-.YYYY.-,
Half Day,Demi-Journée,
Half Day Date,Date de Demi-Journée,
Half Yearly,Semestriel,
Half-Yearly,Semestriel,
Has Certificate,A un certificat,
Health Insurance Name,Nom de l'assurance santé,
Help,Aidez-moi,
Hiring Settings,Paramètres d'embauche,
Hold,Mettre en attente,
Holiday List,Liste de vacances,
Holiday List for Optional Leave,Liste de jours fériés pour congé facultatif,
Holidays,Jours Fériés,
Hour Rate,Tarif Horaire,
Hour Rate (Company Currency),Taux horaire (devise de l'entreprise),
Hours,Heures,
IN,DANS,
Identification Document Number,Numéro du document d'identification,
Identification Document Type,Type de document d'identification,
"If checked, Payroll Payable will be booked against each employee","Si coché, la paie payable sera réservée à chaque employé",
"If checked, hides and disables Rounded Total field in Salary Slips","Si coché, masque et désactive le champ Total arrondi dans les fiches de salaire",
"If checked, the full amount will be deducted from taxable income before calculating income tax without any declaration or proof submission.","Si coché, le montant total sera déduit du revenu imposable avant le calcul de l'impôt sur le revenu sans aucune déclaration ou soumission de preuve.",
"If enabled, Tax Exemption Declaration will be considered for income tax calculation.","Si elle est activée, la déclaration d'exonération fiscale sera prise en compte pour le calcul de l'impôt sur le revenu.",
"If enabled, auto attendance will be marked on holidays if Employee Checkins exist","Si activé, la présence automatique sera marquée pendant les jours fériés si les enregistrements des employés existent",
"If enabled, deducts payment days for absent attendance on holidays. By default, holidays are considered as paid","Si activé, déduit les jours de paiement pour les absents sur les jours fériés. Par défaut, les jours fériés sont considérés comme payés",
"If enabled, the component will be considered as a tax component and the amount will be auto-calculated as per the configured income tax slabs","Si activé, le composant sera considéré comme un composant de taxe et le montant sera calculé automatiquement selon les dalles d'impôt sur le revenu configurées",
"If enabled, the component will be considered in the Income Tax Deductions report","Si activé, le composant sera pris en compte dans le rapport sur les déductions d'impôt sur le revenu",
"If enabled, the component will not be displayed in the salary slip if the amount is zero","Si activé, le composant ne sera pas affiché dans le bulletin de salaire si le montant est zéro",
"If enabled, the value specified or calculated in this component will not contribute to the earnings or deductions. However, it's value can be referenced by other components that can be added or deducted. ","Si activé, la valeur spécifiée ou calculée dans ce composant ne contribuera pas aux gains ou déductions. Cependant, sa valeur peut être référencée par d'autres composants qui peuvent être ajoutés ou déduits.",
"If enabled, total no. of working days will include holidays, and this will reduce the value of Salary Per Day","Si activé, le nombre total de jours ouvrables inclura les jours fériés, ce qui réduira la valeur du salaire par jour",
"If not checked, the list will have to be added to each Department where it has to be applied.","Si décochée, la liste devra être ajoutée à chaque département où elle doit être appliquée.",
"If selected, the value specified or calculated in this component will not contribute to the earnings or deductions. However, it's value can be referenced by other components that can be added or deducted. ","Si cette option est sélectionnée, la valeur spécifiée ou calculée dans ce composant ne contribuera pas aux gains ou aux déductions. Cependant, sa valeur peut être référencée par d'autres composants qui peuvent être ajoutés ou déduits.",
"If set, the job opening will be closed automatically after this date","Si défini, l'ouverture de la tâche sera fermée automatiquement après cette date",
Import Attendance,Importer Participation,
Import Log,Journal d'import,
In Process,En Cours,
In Progress,En cours,
In Time,À l'heure,
Inactive,Inactif,
Incentive,Incitatif,
Incentive Amount,Montant de l'intéressement,
Include holidays in Total no. of Working Days,Inclure les vacances dans le nombre total de Jours Ouvrés,
Include holidays within leaves as leaves,Inclure les vacances dans les congés en tant que congés,
Income Source,Source du revenu,
Income Tax Breakup,Répartition de l’impôt sur le revenu,
Income Tax Computation,Calcul de l'impôt sur le revenu,
Income Tax Deducted Till Date,Date de déduction de l'impôt sur le revenu,
Income Tax Deductions,Déductions d'impôt sur le revenu,
Income Tax Slab,Dalle d'impôt sur le revenu,
Income Tax Slab Other Charges,Dalle d'impôt sur le revenu Autres charges,
Income from Other Sources,Revenus provenant d'autres sources,
"Indicates the number of leaves that cannot be encashed from the leave balance. E.g. with a leave balance of 10 and 4 Non-Encashable Leaves, you can encash 6, while the remaining 4 can be carried forward or expired","Indique le nombre de feuilles qui ne peuvent pas être encastrées à partir du solde de congé. Par exemple avec un solde de congé de 10 et 4 feuilles non encaissables, vous pouvez encapsuler 6, tandis que les 4 restantes peuvent être reportées ou expirées",
Inspection,Inspection,
Interest,Intérêt,
Interest Amount,Montant d'Intérêts,
Interest Income Account,Compte de revenu d'intérêts,
Intermediate,Intermédiaire,
International,International,
Internet,Internet,
Interview,Entretien,
Interview Detail,Détail de l'entrevue,
Interview Details,Détails de l'entrevue,
Interview Feedback,Retour d'entretien,
Interview Reminder Notification Template,Modèle de notification d'entretien,
Interview Round,Cycle d'entretien,
Interview Summary,Résumé de l'entrevue,
Interview Type,Type d'entretien,
Introduction,Introduction,
Invalid,Invalide,
Investigated,Enquêté,
Investigation Details,Détails de l'enquête,
Invited,Invité,
Invoice Ref,Facture Ref,
Is Active,Est Active,
Is Applicable for Referral Bonus,Est applicable pour le bonus de parrainage,
Is Carry Forward,Est un Report,
Is Compensatory,Est compensatoire,
Is Default,Est Défaut,
Is Earned Leave,Est un congé acquis,
Is Expired,Est expiré,
Is Flexible Benefit,Est un avantage flexible,
Is Group,Est un Groupe,
Is Income Tax Component,Est un élément de l'impôt sur le revenu,
Is Leave Without Pay,Est un Congé Sans Solde,
Is Mandatory,Est obligatoire,
Is Optional Leave,Est un congé facultatif,
Is Paid,Est Payé,
Is Partially Paid Leave,Est un congé partiellement payé,
Is Recurring,Est récurrent,
Is Recurring Additional Salary,Salaire supplémentaire récurrent,
Is Tax Applicable,Est taxable,
Job Applicant,Demandeur d'emploi,
Job Applicant Source,Source du candidat,
Job Application Route,Route de l'application de job,
Job Description,Description de l'Emploi,
Job Offer,Offre d'emploi,
Job Offer Term,Condition de l'offre d'emploi,
Job Offer Term Template,Modèle de conditions d'offre d'emploi,
Job Offer Terms,Conditions de l'offre d'emploi,
Job Opening,Offre d’Emploi,
Job Requisition,Réquisition des tâches,
Job Title,Titre de l'Emploi,
"Job profile, qualifications required etc.",Profil de l’Emploi. qualifications requises ect...,
Joining Date,Date d'Inscription,
Journal Entry,Écriture de Journal,
KRA,KRA,
KRA Evaluation Method,Méthode d'évaluation KRA,
KRA vs Goals,Objectifs KRA vs,
Key Performance Area,Domaine Essentiel de Performance,
Key Responsibility Area,Domaine de Responsabilités Principal,
Key Result Area,Zone de résultat clé,
Keyboard Shortcuts,Raccourcis clavier,
Last Day,Dernier jour,
Last Known Successful Sync of Employee Checkin. Reset this only if you are sure that all Logs are synced from all the locations. Please don't modify this if you are unsure.,Dernière synchronisation réussie de l'enregistrement des employés. Réinitialisez cette opération uniquement si vous êtes certain que tous les journaux sont synchronisés à partir de tous les emplacements. S'il vous plaît ne modifiez pas cela si vous n'êtes pas sûr.,
Last Name,Nom de Famille,
Last Odometer Value ,Valeur du dernier Odomètre,
Last Sync of Checkin,Dernière synchronisation de Checkin,
Late Entry,Entrée tardive,
Late Entry & Early Exit Settings for Auto Attendance,Paramètres d'entrée en retard et de sortie anticipée pour la présence automatique,
Late Entry Grace Period,Délai de grâce pour entrée tardive,
Latitude,Latitude,
Leave,Partir,
Leave Allocation,Allocation de Congés,
Leave Allocations,Allocations de congé,
Leave Application,Demande de Congés,
Leave Approval Notification Template,Modèle de notification d'approbation de congés,
Leave Approver,Quitter l'approbateur,
Leave Approver Mandatory In Leave Application,Approbateur de congés obligatoire dans une demande de congé,
Leave Approver Name,Nom de l'Approbateur de Congés,
Leave Balance,Solde de congés,
Leave Balance Before Application,Solde de Congés Avant Demande,
Leave Block List,Quitter la liste de blocage,
Leave Block List Allow,Autoriser la Liste de Blocage des Congés,
Leave Block List Allowed,Liste de Blocage des Congés Autorisée,
Leave Block List Date,Date de la Liste de Blocage des Congés,
Leave Block List Dates,Dates de la Liste de Blocage des Congés,
Leave Block List Name,Nom de la Liste de Blocage des Congés,
Leave Control Panel,Quitter le Panneau de Configuration,
Leave Details,Quitter les détails,
Leave Encashment,Congés Accumulés à Encaisser,
Leave Encashment Amount Per Day,Montant d'encaissement des congés par jour,
Leave Ledger Entry,Quitter le grand livre,
Leave Period,Période de congé,
Leave Policy,Politique de congé,
Leave Policy Assignment,Affectation de politique de congés,
Leave Policy Detail,Détail de la politique de congé,
Leave Policy Details,Détails de la politique de congé,
Leave Status Notification Template,Modèle de notification de statut des congés,
Leave Type,Type de congé,
Leave Type Name,Nom du Type de Congé,
Leave Without Pay,Congé Sans Solde,
Leave and Expense Claim Settings,Paramètres de départ et de demande de remboursement,
Leave(s) Pending Approval,Partez(s) en attente d'approbation,
Leaves,Feuilles,
Leaves Allocated,Feuilles allouées,
Left,Parti,
Letter Head,En-Tête,
Level,Niveau,
License Plate,Plaque d'Immatriculation,
Link the cycle and tag KRA to your goal to update the appraisal's goal score based on the goal progress,Lier le cycle et marquer KRA à votre objectif pour mettre à jour le score de l'objectif de l'évaluation en fonction de la progression de l'objectif,
Loan,Prêt,
Loan Account,Compte de prêt,
Loan Product,Produit de prêt,
Loan Repayment Entry,Entrée de remboursement de prêt,
Location,Lieu,
Location / Device ID,Emplacement / ID de périphérique,
Location Name,Nom du lieux,
Lodging Required,Hébergement requis,
Log Type,Type de journal,
Longitude,Longitude,
Lower Range,Portée inférieure,
Make,Faire,
Manual,Manuel,
Manual Rating,Note manuelle,
Mark Auto Attendance on Holidays,Marquer la présence automatique sur les jours fériés,
Mark attendance based on 'Employee Checkin' for Employees assigned to this shift.,Marquez la présence sur la base de 'Enregistrement des employés' pour les employés affectés à ce poste.,
Marked Attendance,Présence Validée,
Marked Attendance HTML,HTML des Présences Validées,
Max Amount Eligible,Montant maximum admissible,
Max Benefit Amount,Montant maximal des prestations,
Max Benefit Amount (Yearly),Montant maximum des prestations sociales (annuel),
Max Benefits (Amount),Prestations sociales max (montant),
Max Benefits (Yearly),Prestations sociales max (annuel),
Max Exemption Amount,Montant maximum d'exemption,
Max Taxable Income,Revenu imposable maximum,
Max working hours against Timesheet,Heures de Travail Max pour une Feuille de Temps,
Maximum Carry Forwarded Leaves,Nombre maximal de congés reportés,
Maximum Consecutive Leaves Allowed,Nombre maximum de feuilles consécutives autorisées,
Maximum Encashable Leaves,Nombre maximum de feuilles encaissables,
Maximum Exempted Amount,Montant maximum exonéré,
Maximum Exemption Amount,Montant maximum d'exemption,
Meal Preference,Préférence pour le repas,
Message,Message,
Mileage,Kilométrage,
Min Taxable Income,Revenu imposable minimum,
Minimum Year for Gratuity,Année minimale pour la Gratuité,
Mode Of Payment,Mode de Paiement,
Mode of Payment,Moyen de paiement,
Mode of Travel,Mode de déplacement,
Model,Modèle,
Month,Mois,
Month To Date,Mois à ce jour,
Month To Date(Company Currency),Du mois à la date (devise de la société),
Monthly,Mensuel,
Monthly Attendance Sheet,Feuille de Présence Mensuelle,
More Info,Plus d'infos,
My Profile,Mon profil,
My Settings,Mes paramètres,
Name,Nom,
Name of Organizer,Nom de l'organisateur,
Naming Series,Masque de numérotation,
Net Pay,Salaire net,
Net Pay (Company Currency),Salaire net (devise de l'entreprise),
Net Pay Info,Infos salariales nettes,
New,Nouveau,
New Company,Nouvelle société,
New Employee ID,Nouvel ID employé,
New Leaves Allocated,Nouvelle Allocation de Congés,
New Leaves Allocated (In Days),Nouvelle Allocation de Congés (en jours),
No,Non,
No of. Positions,Non. Positions,
Non Diary,Sans produits laitiers,
Non Taxable Earnings,Gains non imposables,
Non-Encashable Leaves,Feuilles non encaissables,
Non-Vegetarian,Non végétarien,
Not Started,Non Commencé,
Note: Shift will not be overwritten in existing attendance records,Remarque : Maj ne sera pas écrasé dans les dossiers de présence existants,
Notes,Remarques,
Notify users by email,Notifier les utilisateurs par email,
Number Of Employees,Nombre d'employés,
Number Of Positions,Nombre de postes,
Number of leaves eligible for encashment based on leave type settings,Nombre de feuilles éligibles au campement en fonction des paramètres de type de congé,
OUT,EN DEHORS,
Obtained Average Rating,Note Moyenne obtenue,
Odometer Reading,Relevé du Compteur Kilométrique,
Offer Date,Date de la Proposition,
Offer Term,Terme de la Proposition,
Offer Terms,Conditions de l'offre,
Old Parent,Grand Parent,
On Duty,Permanence,
On Hold,En attente,
On Leave,En Congé,
Onboarding Activities,Activités d'intégration,
Onboarding Begins On,L'intégration commence le,
Only Tax Impact (Cannot Claim But Part of Taxable Income),Impact fiscal uniquement (ne peut être perçu mais fait partie du revenu imposable),
Open,Ouvert,
Open & Approved,Ouvert et approuvé,
Orange,orange,
Organizational Chart,Graphique organisationnel,
Other Details,Autres détails,
Other Settings,Autres Paramètres,
Other Taxes and Charges,Autres taxes et frais,
Out Time,Temps de sortie,
Overview,Vue d'ensemble,
Overwrite Salary Structure Amount,Remplacer le montant de la structure salariale,
Owned,Détenu,
PWA Notification,Notification PWA,
Paid,Payé,
Paid Amount,Montant payé,
Paid via Salary Slip,Payé via le bordereau de salaire,
Parent Goal,Objectif parent,
"Partially Sponsored, Require Partial Funding","Partiellement sponsorisé, nécessite un financement partiel",
Partly Claimed and Returned,Partiellement réclamé et retourné,
Passport Number,Numéro de Passeport,
Password Policy,Politique de mot de passe,
Pay Against Benefit Claim,Payer la demande de prestations,
Pay via Salary Slip,Payer via le bulletin de salaire,
Payable Account,Comptes Créditeurs,
Payables,Dettes,
Payment Account,Compte de Paiement,
Payment Days,Jours de paiement,
Payment Days Calculation Help,Aide au calcul des jours de paiement,
Payment Entry,Écriture de Paiement,
Payment and Accounting,Paiement et comptabilité,
Payroll,Paie,
Payroll Cost Centers,Centres de coût de la paie,
Payroll Date,Date de la paie,
Payroll Employee Detail,Détails de la paie de l'employé,
Payroll Entry,Entrée de la paie,
Payroll Frequency,Fréquence de la Paie,
Payroll Info,Infos sur la paie,
Payroll Payable Account,Compte Payant,
Payroll Period,Période de paie,
Payroll Period Date,Date de la période de paie,
Payroll Periods,Périodes de paie,
Payroll Settings,Paramètres de Paie,
Pending,En Attente,
Pending Amount,Montant en attente,
Percent,Pourcent,
Percent Deduction,Pourcentage de déduction,
Phone Number,Numéro de téléphone,
Planned number of Positions,Nombre de postes prévus,
Posted On,Publié le,
Posting Date,Date de Comptabilisation,
Posting date,Date de publication,
Preferred Area for Lodging,Zone préférée pour l'hébergement,
Present,Présent,
Principal Amount,Montant principal,
Print Heading,Imprimer Titre,
Printing Details,Détails d'Impression,
Process Attendance After,Processus de présence après,
Process Payroll Accounting Entry based on Employee,Traiter l'entrée comptable de la paie en fonction de l'employé,
Professional Tax Deductions,Déductions fiscales professionnelles,
Proficiency,Compétence,
Progress,Progression,
Project,Projet,
Promotion Date,Date de promotion,
Property,Propriété,
Provident Fund Deductions,Déductions du fonds de prévoyance,
Publish Salary Range,Publier la portée du salaire,
Publish on website,Publier sur le site web,
Purpose,Objet,
Purpose & Amount,But & montant,
Purpose of Travel,Raison du déplacement,
Quarterly,Trimestriel,
Queued,Dans la file d'attente,
Quick Filters,Filtres rapides,
Raised By,Créé par,
Rate,Prix,
Rate Goals Manually,Noter manuellement les objectifs,
Rating,Évaluation,
Rating Criteria,Critères d'évaluation,
Ratings,Évaluations,
Re-allocate Leaves,Réallouer les congés,
Read,Lire,
Reason,Raison,
Reason for Requesting,Raison de la demande,
Receivables,Créances,
Recruitment Analytics,Analyse de recrutement,
Red,Rouge,
Reference,Référence,
Reference Document,Document de Référence,
Reference Document Name,Nom du document de référence,
Reference Document Type,Type du document de référence,
References,Références,
Referral Bonus Payment Status,Statut du paiement du bonus de parrainage,
Referral Details,Détails de la recommandation,
Referrer,Référent,
Referrer Details,Détails du référant,
Referrer Name,Nom du référant,
Reflections,Réflexions,
Refuelling Details,Détails de Ravitaillement,
Rejected,Rejeté,
Relieving Date,Date de Relève,
Relieving Date ,Date de Relève,
Reload,Recharger,
Remaining Benefits (Yearly),Prestations sociales restantes (par année),
Remark,Remarque,
Remarks,Remarques,
Remind Before,Rappeler Avant,
Reminded,Rappelé,
Reminder,Rappel,
Reminders,Rappels,
Remove if Zero Valued,Supprimer si la valeur est nulle,
Rented Car,Voiture de location,
Repay Unclaimed Amount from Salary,Rembourser le montant non réclamé du salaire,
Replied,Répondu,
Report an Issue,Signaler un problème,
Reports To,Rapporte à,
Requested By,Demandé par,
Requested By (Name),Demandé par (nom),
Require Full Funding,Nécessite un financement complet,
Required for Employee Creation,Obligatoire pour la création d'un employé,
Resignation Letter Date,Date de la Lettre de Démission,
Resolution Date,Date de Résolution,
Resolution Details,Détails de la Résolution,
Resolved,Résolu,
Resolved By,Résolu Par,
Restrict Backdated Leave Application,Restreindre l'application de congé rétrodatée,
Result,Résultat,
Resume,CV,
Resume Attachment,Reprendre la Pièce Jointe,
Resume Link,Reprendre le lien,
Resume link,Reprendre le lien,
Retention Bonus,Prime de fidélisation,
Retirement Age (In Years),Âge de la retraite (en années),
Return,Retour,
Returned,retourné,
Returned Amount,Montant retourné,
Reviewer,Evaluateur,
Reviewer Name,Nom de l'évaluateur,
Revised CTC,CTC révisé,
Right,Droit,
Role,Rôle,
Role Allowed to Create Backdated Leave Application,Rôle autorisé à créer une demande de congé antidatée,
Round Name,Nom du round,
Round off Work Experience,Arrondir l'expérience de travail,
Round to the Nearest Integer,Arrondir à l'entier le plus proche,
Rounded Total,Total arrondi,
Rounded Total (Company Currency),Total Arrondi (Devise Société),
Rounding,Arrondi,
Route,Route,
Route to the custom Job Application Webform,Itinéraire vers le formulaire de demande d'emploi personnalisé,
Salary,Salaire,
Salary Component,Composante Salariale,
Salary Component ,Composante Salariale,
Salary Component Account,Compte Composante Salariale,
Salary Component Type,Type de composant salarial,
Salary Component for timesheet based payroll.,Composante Salariale pour la rémunération basée sur la feuille de temps,
Salary Detail,Détails du Salaire,
Salary Details,Détails du salaire,
Salary Expectation,Attente salariale,
Salary Paid Per,Salaire payé par,
Salary Payments Based On Payment Mode,Paiements de salaire basés sur le mode de paiement,
Salary Payments via ECS,Paiements de salaire via ECS,
Salary Register,Registre du Salaire,
Salary Slip,Slip de salaire,
Salary Slip Based on Timesheet,Fiche de Paie basée sur la Feuille de Temps,
Salary Slip Leave,Congé de salaire,
Salary Slip Loan,Avance sur salaire,
Salary Slip Timesheet,Feuille de Temps de la Fiche de Paie,
Salary Slips Created,Bon de salaire créé,
Salary Slips Submitted,Slips Slips Soumis,
Salary Structure,Grille des Salaires,
Salary Structure Assignment,Attribution de la structure salariale,
Salary breakup based on Earning and Deduction.,Détails du Salaire basés sur les Revenus et les Prélèvements.,
Salary components should be part of the Salary Structure.,Les composantes salariales doivent faire partie de la structure salariale.,
Sanctioned Amount,Quantité Sanctionnée,
Scheduled,Prévu,
Scheduled On,Planifié le,
Score,Score,
Score Earned,Score Gagné,
Select Employees,Sélectionner les Employés,
Select Payment Account to make Bank Entry,Sélectionner Compte de Crédit pour faire l'Écriture Bancaire,
Select Terms and Conditions,Sélectionner les Termes et Conditions,
Select Users,Sélectionner les utilisateurs,
Self Appraisal,Auto-évaluation,
Self-Study,Autoformation,
Seminar,Séminaire,
Send Emails At,Envoyer Emails À,
Send Interview Feedback Reminder,Envoyer un rappel de retour d'entretien,
Send Interview Reminder,Envoyer un rappel d'entretien,
Send Leave Notification,Envoyer une notification de congé,
Sender,Expéditeur,
Sender Email,Email d&#39;expéditeur,
Sent,Envoyé,
Separation Activities,Activités de séparation,
Separation Begins On,La séparation commence le,
Series,Séries,
Service,Service,
Service Details,Détails du Service,
Service Item,Poste de Service,
Session Defaults,Session par défaut,
"Set ""From(Year)"" and ""To(Year)"" to 0 for no upper and lower limit.","Réglez ""De(Année)"" et ""À(Année)"" à 0 pour aucune limite supérieure et inférieure.",
Set Leave Details,Définir les détails de la permission,
Set filters to fetch employees,Définir les filtres pour récupérer les employés,
Set optional filters to fetch employees in the appraisee list,Définir des filtres optionnels pour récupérer les employés dans la liste des évaluateurs,
Set the frequency for holiday reminders,Définir la fréquence des rappels de vacances,
Set the properties that should be updated in the Employee master on promotion submission,Définir les propriétés qui doivent être mises à jour dans le maître d'employé lors de la soumission de la promotion,
Settings,Paramètres,
Settled,Colonisé,
Shift,Décalage,
Shift Actual End,Décalage effectif fin,
Shift Actual Start,Décalage début effectif,
Shift Assignment,Affectation de quart,
Shift Assignment Tool,Affectation de planning des quarts en blocs,
Shift Attendance,Présence Maj,
Shift End,Fin de quart,
Shift Request,Demande de quart,
Shift Schedule,Planification des quarts,
Shift Schedule Assignment,Affectation planning des quarts,
Shift Settings,Paramètres Maj,
Shift Start,Début de quart,
Shift Type,Type de quart,
Show Leave Balances in Salary Slip,Afficher les soldes de congés dans le bulletin de salaire,
Show Leaves Of All Department Members In Calendar,Afficher les congés de tous les membres du département dans le calendrier,
Skill,Compétence,
Skill Assessment,Évaluation des compétences,
Skill Name,Nom de la compétence,
Skills,Compétences,
Skip Auto Attendance,Ignorer l'assistance automatique,
Source,Source,
Source Name,Nom de la Source,
Source and Rating,Source et notation,
Sponsored Amount,Montant sponsorisé,
Staffing Details,Détails du personnel,
Staffing Plan,Plan de dotation,
Staffing Plan Detail,Détail du plan de dotation,
Standard Tax Exemption Amount,Montant de l'exemption fiscale standard,
Standard Working Hours,Heures de travail standard,
Start Date,Date de Début,
Start Time,Heure de Début,
Statistical Component,Composante Statistique,
Status,Statut,
Stop users from making Leave Applications on following days.,Empêcher les utilisateurs de faire des Demandes de Congé les jours suivants.,
Strictly based on Log Type in Employee Checkin,Strictement basé sur le type de journal dans l'enregistrement des employés,
Subject,Sujet,
Submission Date,Date de soumission,
Submitted,Validé,
Sum of all previous slabs,Somme de toutes les dalles précédentes,
Supplier,Fournisseur,
System Manager,Responsable Système,
Take Exact Completed Years,Prendre des années exactes,
Task,Tâche,
Task Weight,Poids de la Tâche,
Tax Deducted Till Date,Date de déduction fiscale jusqu'à la date,
Tax Exemption Category,Catégorie d'exonération fiscale,
Tax Exemption Declaration,Déclaration d'exemption fiscale,
Tax Exemption Proofs,Preuves d'exonération fiscale,
Tax on additional salary,Taxe sur le salaire additionnel,
Tax on flexible benefit,Impôt sur les prestations sociales variables,
Taxable Earnings Till Date,Gains imposables jusqu'à la date,
Taxable Salary Slab,Palier de salaire imposable,
Taxable Salary Slabs,Paliers de salaire imposables,
Taxes & Charges,Taxes et frais,
Taxes and Charges on Income Tax,Impôts et charges sur l'impôt sur le revenu,
Taxi,Taxi,
Team Updates,Mises à Jour de l’Équipe,
Template Name,Nom du Modèle,
Template Title,Titre du modèle,
Terms,Termes,
Terms and Conditions,Termes et conditions,
The date on which Salary Component with Amount will contribute for Earnings/Deduction in Salary Slip. ,La date à laquelle la composante salariale avec le montant cotisera pour les gains/déductions dans le slip de salaire.,
The day of the month when leaves should be allocated,Le jour du mois où les congés devraient être alloués,
The fraction of daily wages to be paid for half-day attendance,La fraction du salaire journalier à payer pour une demi-journée,
"The salary slip emailed to the employee will be password protected, the password will be generated based on the password policy.",La fiche de salaire envoyée à l'employé par courrier électronique sera protégée par un mot de passe. Le mot de passe sera généré en fonction de la politique de mot de passe.,
The time after the shift start time when check-in is considered as late (in minutes).,L'heure après l'heure de début du quart de travail où l'enregistrement est considéré comme tardif (en minutes).,
The time before the shift end time when check-out is considered as early (in minutes).,L'heure avant l'heure de fin du quart de travail au moment du départ est considérée comme précoce (en minutes).,
The time before the shift start time during which Employee Check-in is considered for attendance.,Heure avant l'heure de début du quart pendant laquelle l'enregistrement des employés est pris en compte pour la présence.,
Theory,Théorie,
"These leaves are holidays permitted by the company however, availing it is optional for an Employee.","Ces congés sont des jours fériés autorisés par la compagnie, mais ils sont facultatifs pour un employé.",
Time,Temps,
Time Sheet,Feuille de Temps,
Time after the end of shift during which check-out is considered for attendance.,Heure après la fin du quart de travail au cours de laquelle la prise en charge est prise en compte.,
Time taken to fill the open positions,Temps nécessaire pour remplir les positions ouvertes,
Time to Fill,Remplir,
Timelines,Échéanciers,
Timesheet Details,Détails de la feuille de temps,
Title,Titre,
To Amount,Au montant,
To Date,Jusqu'au,
To Time,Horaire de Fin,
To User,À l&#39;utilisateur,
To(Year),À (Année),
Toggle Full Width,Changer l&#39;affichage en pleine largeur,
Toggle Theme,Basculer le thème,
Total,Total,
Total Actual Amount,Montant total total,
Total Advance Amount,Montant total de l'avance,
Total Allocated Leave(s),Total des congés alloués,
Total Amount,Montant total,
Total Amount Reimbursed,Montant Total Remboursé,
Total Claimed Amount,Montant Total Réclamé,
Total Declared Amount,Montant total déclaré,
Total Deduction,Déduction totale,
Total Deduction (Company Currency),Déduction totale (devise de la société),
Total Earning,Total Revenus,
Total Earnings,Gains totaux,
Total Estimated Budget,Budget total estimé,
Total Estimated Cost,Coût total estimé,
Total Exemption Amount,Montant total de l'exonération,
Total Goal Score,Score total de l'objectif,
Total Income Tax,Total des impôts sur le revenu,
Total Leave Days,Total des Jours de Congé,
Total Leaves Allocated,Total des Congés Attribués,
Total Leaves Encashed,Total des congés encaissés,
Total Payable Amount,Montant total à payer,
Total Payment,Paiement total,
Total Receivable Amount,Montant total à recevoir,
Total Sanctioned Amount,Montant Total Validé,
Total Score,Score Total,
Total Self Score,Auto-score total,
Total Taxes and Charges,Total des Taxes et Frais,
Total Working Hours,Total des Heures Travaillées,
Total in words,Total En Toutes Lettres,
Total in words (Company Currency),Total en mots (devise de la société),
Total salary booked against this component for this employee from the beginning of the year (payroll period or fiscal year) up to the current salary slip's end date.,Salaire total réservé à l'égard de ce composant pour cet employé à partir du début de l'année (période de paie ou exercice fiscal) jusqu'à la date de fin du bulletin de salaire actuel.,
Total salary booked for this employee from the beginning of the month up to the current salary slip's end date.,Salaire total réservé à cet employé du début du mois jusqu'à la date de fin du traitement actuel.,
Total salary booked for this employee from the beginning of the year (payroll period or fiscal year) up to the current salary slip's end date.,Salaire total réservé à cet employé à partir du début de l'année (période de paie ou année fiscale) jusqu'à la date de fin du bulletin de salaire actuel.,
Total working Days Per Year,Nombre de jours de travail par année,
Totals,Totaux,
Train,Train,
Trainer Email,Email du Formateur,
Trainer Name,Nom du Formateur,
Training,Formation,
Training Date,Date de formation,
Training Event,Événement de formation,
Training Event Employee,Évènement de Formation – Employé,
Training Feedback,Retour d'Expérience sur la Formation,
Training Program,Programme de formation,
Training Result,Résultat de la formation,
Training Result Employee,Résultat de la Formation – Employé,
Trainings,Des formations,
Transaction Date,Date de la transaction,
Transaction Name,Nom de la transaction,
Transaction Type,Type de transaction,
Transfer Date,Date de transfert,
Travel Advance Required,Avance de déplacement requise,
Travel From,Départ,
Travel Funding,Financement du déplacement,
Travel Itinerary,Itinéraire du déplacement,
Travel Request,Demande de déplacement,
Travel Request Costing,Coût de la demande de déplacement,
Travel To,Arrivée,
Travel Type,Type de déplacement,
Type,Type,
Type of Proof,Type de preuve,
Unclaimed Amount,Montant non réclamé,
Under Review,En cours de révision,
Unmarked days,Jours non marqués,
Unpaid,Impayé,
Unpaid Expense Claim,Note de Frais Impayée,
Unsettled,Non réglé,
Unused leaves,Congés non utilisés,
Upload Attendance,Charger Fréquentation,
Upload HTML,Charger HTML,
Used Leave(s),Feuille(s) utilisée(s),
User,Utilisateur,
Users,Utilisateurs,
Vacancies,Postes vacants,
Validate Attendance,Valider la présence,
Value / Description,Valeur / Description,
Variable,Variable,
Variable Based On Taxable Salary,Variable basée sur le salaire imposable,
Vegetarian,Végétarien,
Vehicle Log,Journal du Véhicule,
Vehicle Service,Entretien du Véhicule,
Vehicle Service Item,Objet d'entretien du véhicule,
View Website,Voir Le Site Web,
Weekly,Hebdomadaire,
Weightage (%),Poids (%),
Why is this Candidate Qualified for this Position?,Pourquoi ce candidat est-il qualifié pour ce poste ?,
Work Anniversaries ,Anniversaires de travail,
Work End Date,Date de fin du travail,
Work From Date,Date de début du travail,
Work From Home,Télétravail,
Work References,Références de travail,
Worked On Holiday,Travail en vacances,
Working Days,Jours Ouvrables,
Working Days and Hours,Jours de travail et heures,
Working Hours,Heures de travail,
Working Hours Calculation Based On,Calcul des heures de travail basé sur,
Working Hours Threshold for Absent,Seuil des heures de travail pour absent,
Working Hours Threshold for Half Day,Seuil des heures de travail pour une demi-journée,
Working hours below which Absent is marked. (Zero to disable),Heures de travail en dessous desquelles Absent est marqué. (Zéro à désactiver),
Working hours below which Half Day is marked. (Zero to disable),Heures de travail en dessous desquelles la demi-journée est marquée. (Zéro à désactiver),
Workshop,Atelier,
Year,Année,
Year To Date,Année à ce jour,
Year To Date(Company Currency),Année à date(Devise de l'entreprise),
Yearly,Annuel,
Yellow,jaune,
Yes,Oui,
email,email,
